-- SCRIPT DE IMPORTACIÓN DE DATOS (MySQL -> PostgreSQL)

-- 1. Insertar Usuarios
INSERT INTO usuarios (id_usuario, nombre_usuario, clave, nombre) VALUES 
(2,'tomiGi','$2b$10$RHMokhrQWTKzysTv8VrjB.JfnD6DT3xQoS6D1qu73jD1hXREB.vu2','Tomas Malcolm Gigli'),
(3,'santi','$2b$10$iWz0vr3m5ghoa/7zu.WMkuNOZ0KXVT.ZGnYVOpow5116CKsE5qz6y','Santiago Alejandro Auat'),
(4,'jero','$2b$10$1utPKtO0r8encK9HzvBe9eD282PWPsq7l/150iXCYH12FYobKu5pG','Jeronimo Natan Alvarez'),
(5,'benja','$2b$10$UPJXWfpqCOuhIzoF3fL7Du8R5QZQTlx91pd.WnD2ptexSEQC4zG46','Benjamin Fares'),
(6,'camivi','$2b$10$1aH7Vk6NXZygN5H7OR1pCueqD1T9nyQ5N7fbs0tflb7./YBLH2VhO','Camila Villa'),
(7,'valen69','$2b$10$49A5AB7H4I5rjn/8AHgPJ.VG.Lh19uggbTW.QCqkHY2t95V.AGZm6','Valentina Martinez'),
(8,'trini','$2b$10$XAv9CkRtTfaeEtwwycInMe2GTmQrMP12iNnOtAZ6fmRJss4tKgF46','Trinidad Sgalla'),
(9,'toty','$2b$10$OMqC5ye84BzqSkA2xjwZV.bqGbXgTQy4vRYLlqbTMaLoG4G2qpnpW','Gino Sbodio'),
(10,'nao_nachi','$2b$10$Z4NFpUNqj8f0iJsCcN8dGeOJf2uA.9tqPWX272vXg5Vf7.du4yqze','Nazareno Ovando'),
(11,'agugili','$2b$10$McxSKWzJe43RJKQTv6vI/OBXPsi0lFZR2RZtR7gbWnCBcjH7J3VeS','Agustin Gigli'),
(12,'neo7w7','$2b$10$r.vIeQw4LyvQF3p5.X/mQu9f3SCXD1LY5sKz6go/Ym2NozBknFdxW','Geremias Dalla Rosa'),
(13,'tempe','$2b$10$c8MrbSKkBYdhFF6YXocr8eXw35BVXHn89Oiovn3KYIQ6Lm08PjwMe','Julian Tempestini'),
(14,'paton','$2b$10$RkpV1vLphzemduy3Er2R1.LTrT900n2x4rSd1JvI0pumeIF9FI6By','Bruno Balestreri'),
(15,'bautys15','$2b$10$5khGFJkq1O52I6NwIAwwHO25VjkxO3EDMdrb9aqA1LSIBtl3kEZK2','Bautista Emilio Bordel'),
(16,'pauli7','$2b$10$P1rFaMFh/TqFu6v3CBlauOfa8dQUQnVo8zV5/WRmlSZgq/Hlyeiv.','Paulina Rocio Bordel'),
(17,'juli23','$2b$10$R/sM5rOVWyvLX4u3CGgnHeF0fSUiSQINZpDC6Uf4PF6FaZCrmk0Da','Juliana Lourdes Bordel'),
(18,'romi','$2b$10$MbHjjtNUrmLGbksW5eu0num4Ww0FeTGUxpdjRi50.TI.N54xII7PO','Romina Fernanda Bartomioli'),
(19,'belo','$2b$10$TxeFnj0H0G/kyC5n/j9NK.nKVuD.iBG4f1vNVoBGOB5R1NrU0hFCC','María Belen Bartomioli'),
(20,'marti1','$2b$10$ccaZpf3f5kmsHuH1VyB.AOMUQq/VM39ENpX5t5E7BYV0VOaFSTBCi','Martina Ivars');

-- 2. Insertar Juegos
INSERT INTO juegos (id_juego, nombre, descripcion, editorial, jugadores) VALUES 
(12,'Aventureros al tren Europa','Juego de estrategia donde los jugadores construyen rutas ferroviarias por Europa. Combina planificación, bloqueo y gestión de cartas. Ideal para jugadores casuales y experimentados.','Maldon','2-5'),
(13,'Dungeons & Drinks','Juego party donde sos un heroe pasado de copas, que entra junto con sus amigos a un dungeon lleno de peligros y monstruos que no molestan a nadie. Se compite por ver quien es el mejor tomando y matando bichos','Bureau de Juegos','3-8'),
(14,'Virus','Juego de cartas ágil donde tenés que completar un cuerpo sano mientras saboteás a los demás. Ataques, curas y caos constante. Fácil de aprender y muy competitivo.','El Dragon Azul','2-8'),
(15,'Azul','Juego abstracto de estrategia donde decorás mosaicos portugueses. Puntúa bien quien planifica y castiga errores. Elegante, simple y profundo.','Maldon','2-4'),
(16,'Say My Name','Juego party de deducción y asociación de palabras. Ideal para grupos grandes y risas rápidas. La creatividad es clave para ganar.','Bureau de Juegos','4-16'),
(17,'Coup','Juego de engaño donde mentir es parte de la estrategia. Eliminación rápida y mucha tensión en cada turno.','El Dragon Azul','3-10'),
(18,'El Camarero','El Camarero es un juego de mesa que hace honor a la memoria prodigiosa de los camareros de todo el mundo. ¿Creés que podrías ser un gran camarero? Entradas, principales, guarniciones, postres y bebidas. Debés recordar todos los pedidos de la mesa y servir los platos que salen de la cocina. ¡Pero estate atento! Si alguien comete algún error, podés salvar el honor de la profesión corrigiendo al distraído.','Maldon','2-10'),
(19,'Skull King','Juego de bazas con piratas, apuestas y sorpresas. Ganar no siempre significa llevarse todas las manos. Mucha emoción y riesgo en cada ronda.','Devir','3-8'),
(20,'Catan','Clásico juego de estrategia y comercio. Construí rutas, ciudades y negociá recursos con otros jugadores. Cada partida es distinta.','Devir','2-4'),
(21,'King of Tokyo','Juego de dados y combates con monstruos gigantes. Riesgo, ataques y decisiones rápidas. Muy divertido y visual.','Bureau de Juegos','2-6'),
(22,'Sushi Go Party','Juego de cartas de draft donde armás combinaciones de sushi. Simple, colorido y rápido. Ideal para todas las edades.','Devir','2-8'),
(23,'La Resistencia','Juego social de roles ocultos y deducción. Los jugadores deben descubrir a los traidores del grupo. Ideal para generar discusiones intensas.','Devir','4-10'),
(24,'Las Vegas Baby','Un juego de preguntas y respuestas en el que podés ganar sabiendo mucho… o apostando con astucia! En Las Vegas, Baby! no hace falta que sepas las respuestas exactas, sólo trata de acertar lo más que puedas y luego apuesta incluso contra ti mismo para ganar!','Neptuno','3-7'),
(25,'Tapple','Juego de palabras contra reloj. Pensá rápido antes de que se acaben las letras. Ideal para grupos grandes.','Importado','2-10'),
(26,'Pequeños Grandes Mechs','Juego de estrategia compacta con robots gigantes. Mucha profundidad en una caja pequeña. Control de área y combate táctico.','Devir','2-4'),
(27,'Taco Gato Cabra Queso Pizza','Juego de reflejos y repetición absurda. Perdedor se lleva cartas y castigos. Risas aseguradas.','Bureau de Juegos','3-10'),
(28,'Whitehall','Juego de deducción asimétrica inspirado en Jack el Destripador. Un jugador se esconde y los demás investigan. Tenso y estratégico','Casero','4'),
(29,'Dungeons & Dragons','Juego de rol narrativo donde la imaginación manda. Aventuras épicas, personajes únicos y decisiones abiertas. No hay dos partidas iguales.','Casero','3-8'),
(30,'Cada Cosa en su Lugar','¡Ubicá cada cosa en su lugar y descubrì la o las reglas secretas!','Maldon','3-8'),
(31,'Dobble','Juego de observación extrema. Siempre hay un símbolo en común entre dos cartas. Rápido, simple y adictivo.','Top Toys','2-8'),
(32,'Sospechosos Inusuales','Un juego cooperativo que va a poner a prueba tu intuición... pero también tus prejuicios.','Bureau de Juegos','3-10'),
(33,'Código Secreto Imágenes','Juego de asociación visual por equipos. Las pistas deben ser precisas para evitar errores. Ideal para grupos','Devir','4-10'),
(34,'Bang','Juego de roles ocultos ambientado en el Lejano Oeste. Disparos, traiciones y alianzas. Muy interactivo.','Top Toys','3-8'),
(35,'Sandwich Wars','El cocinero que prepare los mejores sándwiches (y aproveche mejor las oportunidades que se presenten) será aclamado como el ganador y gran maestro sandwichero!','Otros','3-6'),
(36,'Actuá Rápido','Juego party de actuación y velocidad mental. Mucho humor garantizado.Digalo con mimica','Bureau de Juegos','2-10'),
(37,'Descifrá el Código','Juego de mesa de deducción rápida (15-20 min)  donde el objetivo es adivinar un código oculto de números blancos y negros (0-9, el 5 es verde) antes que los rivales','Bureau de Juegos','2-4'),
(38,'Extinción','Es un juego de mesa de cartas rápido donde los participantes actúan como equipos de rescate en un mundo perdido. El objetivo es salvar dinosaurios de la erupción volcánica, llevándolos a zonas seguras antes de que el contador de extinción llegue a cinco. ','Top Toys','2-6'),
(39,'Póker de Bichos','Se comparten bichos ofreciendo una carta boca abajo a otro jugador y diciendo, al mismo tiempo, qué bicho aparece dibujado; ¡pero se puede decir la verdad o una mentira!','Devir','3-8'),
(40,'Unanimo Party','Juego de pensar como la mayoría. Cuanto más coincidan las respuestas, mejor. Ideal para grupos grandes.','Maldon','3-10'),
(41,'Munchkin','Juego de cartas de humor y traición en mazmorras. Subí de nivel traicionando a tus amigos. Caótico y muy divertido.','Bureau de Juegos','3-8'),
(42,'Pistas Cruzadas','Es un juego de mesa cooperativo, rápido y creativo, diseñado para conectar conceptos mediante una sola pista. Los jugadores deben colaborar para adivinar pares de palabras ocultas en una grilla, utilizando una única palabra como pista, buscando la mayor puntuación ','Bureau de Juegos','3-10'),
(43,'El Erudito','Juego de preguntas y conocimiento general con apuestas, donde las tarjetas se diferencian en la forma en que son planteadas las preguntas o consignas. Estrategia ligera con enfoque cultural. Ideal para amantes de los trivias.','Maldon','3-10'),
(44,'El Ilustrado','El Ilustrado es un juego de mesa de cultura general con tarjetas ilustradas donde hay que reconocer, ubicar, identificar, ordenar o clasificar diferentes elementos para demostrar todo lo que sabés. ','Maldon','3-10'),
(45,'Tomalo Vos','Un juego para previas, en el que tu objetivo es lograr que tus amigos/as tomen mas que vos. ','Bureau de Juegos','3-10'),
(46,'El Memorioso','El Memorioso es un juego de mesa en donde la memoria y la agilidad mental son claves para ganar. Al sacar una tarjeta, corre el tiempo y se compite pare ver quién recuerda más (y los más atípicos) elementos de una determinada lista. Con una cuota de estrategia se podrán duplicar o dividir los puntos de los jugadores, según sus conocimientos en las más variadas temáticas existen','Maldon','3-10'),
(47,'Exploding Kittens','Juego de cartas rápido y absurdo. Evitá explotar usando tácticas y sabotajes. Muy popular y fácil de aprender.','Top Toys','2-4'),
(48,'HDP','Juego party irreverente y humor negro. Pensado para adultos. Provoca risas y polémica.','Bureau de Juegos','3-10'),
(49,'Supercats','Los participantes transforman 5 gatitos en supergatos mostrando dedos simultáneamente. Tras lograrlo, ese jugador se enfrenta al RoboDog','Bureau de Juegos','3-6'),
(50,'Pica Pica','Juego centrado en la gestión de mano y la acumulación de puntos mínimos. El objetivo es evitar sumar cartas picantes, logrando llevarse conjuntos de cartas (colores o números) del centro de la mesa mediante cartas especiales. ','Otros','3-6'),
(51,'Red 7','Es un juego de cartas rápido y dinámico donde el objetivo es no quedar eliminado cumpliendo la regla de victoria actual al final de cada turno. Con cartas numeradas del 1 al 7 en siete colores, las reglas cambian constantemente, exigiendo astucia para ganar con la carta más alta o ajustando las condiciones del juego. ','Casero','3-6'),
(52,'The Mind','Se deben colocar cartas numeradas del 1 al 100 en orden ascendente en el centro de la mesa. El reto principal es que no se puede hablar, intercambiar información ni hacer señas, basándose únicamente en la intuición y la conexión silenciosa para sincronizar sus mentes. ','Casero','2-10'),
(53,'Aventureros y el Medallón de Ra','El objetivo es obtener y conservar la carta del Medallón de Ra al finalizar el mazo, usando estrategia para robar, defenderse y engañar a los rivales. ','Neptuno','3-6'),
(54,'Uga Buga','El objetivo es convertirse en el líder de la tribu repitiendo secuencias de sonidos y gestos cavernícolas sin equivocarse. Los jugadores juegan cartas, añaden acciones salvajes, y si fallan, se llevan el mazo acumulado. ','Bureau de Juegos','3-8'),
(55,'Caca','El objetivo es no rebalsar el inodoro. Los jugadores tiran cartas de \"caca\" intentando no superar la capacidad numérica del inodoro; si lo hacen, \"tapan\" el baño y se llevan las cartas. ','Bureau de Juegos','2-6'),
(56,'Líderes de Euphoria','Es un juego de deducción social con mucho engaño e interacción. Se juega en equipos aunque también permite que gane un solo jugador, lo cual hace que desconfíes hasta de tus propios compañeros.','Bureau de Juegos','3-8'),
(57,'Mal Trago','Cada participante actúa como un goblin probando pociones para una bruja. El objetivo es ser el último superviviente, evitando pociones mortales y utilizando antídotos y cartas de acción para sobrevivir o convertir a otros en fantasmas','Top Toys','4-10'),
(58,'Dungeon Lite','Es un juego de mesa cooperativo de tipo dungeon crawler. En partidas de unos 90 minutos, los héroes exploran mazmorras generadas aleatoriamente, mejoran equipo y luchan contra orcos y un dragón final, destacando por su rápida preparación, reglas sencillas y alta intensidad. ','Bureau de Juegos','2-4'),
(59,'La Tripulación','Los jugadores actúan como astronautas, colaborando en silencio para superar 50 misiones con dificultad creciente, donde la comunicación está limitada y se deben cumplir tareas específicas para ganar. ','Devir','2-5'),
(60,'Adigma','Los participantes resuelven simultáneamente acertijos, acertijos visuales y lógicos de 29 categorías distintas para ganar monedas y avanzar por un tablero de casillas sorpresa','Otros','3-10'),
(61,'Flip 7','Juego de cartas de riesgo y push your luck. Saber cuándo parar es crucial. Muy ágil y adictivo.','Importados','3-10'),
(62,'Dungeon Mayhem','Los jugadores eligen mazos únicos para atacar, defenderse y curarse, con el objetivo de ser el último aventurero en pie. ','Importados','2-6');

-- 3. Insertar Imágenes
INSERT INTO imagenes_juegos (id_imagen, id_juego, imagen) VALUES 
(1,12,'https://maldon.com.ar/wp-content/uploads/2021/06/Aventureros-Europa-Tapa-1024x731.jpg'),
(2,12,'https://maldon.com.ar/wp-content/uploads/2021/06/Aventureros-Europa-tablero-1024x731.jpg'),
(3,12,'https://juegosdemesayrol.com/wp-content/uploads/Aventureros-al-tren-Europa-9.jpg'),
(4,13,'https://acdn-us.mitiendanube.com/stores/102/709/products/dngdrk_mu-iz_1280x1280px-7f4b0f57b4b07c618d17374875735271-640-0.webp'),
(5,13,'https://www.megatone.net/images/Articulos/zoom2x/389/MKT0024FTN-2.png'),
(6,14,'https://acdn-us.mitiendanube.com/stores/907/020/products/885835-mla31038866105_062019-f-c426d763bdec280e4f15803239522729-1024-1024.webp'),
(7,14,'https://acdn-us.mitiendanube.com/stores/002/996/544/products/holi-d04f5c7b6dfe329c1017483845523719-1024-1024.webp'),
(8,15,'https://mundojuguete.vtexassets.com/arquivos/ids/211583-800-800?v=638678914637070000&width=800&height=800&aspect=true'),
(9,15,'https://http2.mlstatic.com/D_NQ_NP_892767-MLA99456753200_112025-O.webp'),
(10,15,'https://misutmeeple.com/wp-content/uploads/2017/12/azul_detalle_tablero.jpg'),
(11,16,'https://acdn-us.mitiendanube.com/stores/102/709/products/smn_mu-iz_1280x1280px-70f00748ed09c018e817337684626753-480-0.webp'),
(12,16,'https://acdn-us.mitiendanube.com/stores/117/811/products/say-my-name2-24412fbec9aa2cfc8c16987870509009-1024-1024.webp'),
(13,16,'https://mundojuguete.vtexassets.com/arquivos/ids/211968/3.jpg?v=638683306118630000'),
(14,17,'https://acdn-us.mitiendanube.com/stores/002/996/544/products/d_694817-mla41375334241_042020-o-0aac34db963bf6c0c316918014509734-1024-1024.webp'),
(15,17,'https://d22fxaf9t8d39k.cloudfront.net/0adbfdc7fa6ca041ae58026fcfd5b6361584dbb492489b966f65378588b40c3337391.jpeg'),
(16,18,'https://maldon.com.ar/wp-content/uploads/2018/05/camarero-juego-1300x731.jpg'),
(17,18,'https://http2.mlstatic.com/D_NQ_NP_752379-MLA84548675814_052025-O.webp'),
(18,18,'https://maldon.com.ar/wp-content/uploads/2020/02/camarero2-1300x731.jpg'),
(19,19,'https://devirinvestments.s3.eu-west-1.amazonaws.com/img/catalog/product/8436607940418-1200-face3d.jpg'),
(20,19,'https://acdn-us.mitiendanube.com/stores/001/320/809/products/skull-king2-423bc233c83385069017083739971520-1024-1024.webp'),
(21,20,'https://acdn-us.mitiendanube.com/stores/907/020/products/ok_1024_los-colonos-de-catan-devir-juegos-de-mesa-abracadabra-caja1-e9c2889f2207b533c715852524950580-1024-1024.webp'),
(22,20,'https://www.tiratu.com/wp-content/uploads/2018/10/juego-de-mesa-catan.jpg'),
(23,21,'https://www.cazagangas.com.ar/images/juegos/king-of-tokyo.jpg'),
(24,21,'https://i0.wp.com/devir.mx/wp-content/uploads/2017/01/imageedit_143_4889498526.png?fit=600%2C600&ssl=1'),
(25,21,'https://www.jugonesweb.com/wp-content/uploads/2016/01/kingtokyo-1024x628.jpeg'),
(26,22,'https://devirinvestments.s3.eu-west-1.amazonaws.com/img/catalog/product/8436017223880-1200-face3d.jpg'),
(27,22,'https://devirinvestments.s3.eu-west-1.amazonaws.com/img/catalog/product/8436017223880-1200-components1-copy.jpg'),
(28,23,'https://devirinvestments.s3.eu-west-1.amazonaws.com/img/catalog/product/8436017222999-1200-face3d-copy.jpg'),
(29,23,'https://devirinvestments.s3.eu-west-1.amazonaws.com/img/catalog/product/8436017222999-1200-components1.jpg'),
(30,23,'https://m.media-amazon.com/images/I/71hP-Snx2VL._AC_UF350,350_QL80_.jpg'),
(31,24,'https://http2.mlstatic.com/D_NQ_NP_662924-MLA48615395154_122021-O.webp'),
(32,24,'https://http2.mlstatic.com/D_NQ_NP_901026-MLA74938698408_032024-O.webp'),
(33,24,'https://http2.mlstatic.com/D_NQ_NP_790506-MLA75078665123_032024-O.webp'),
(34,25,'https://http2.mlstatic.com/D_NQ_NP_987913-CBT79156067111_092024-O.webp'),
(35,25,'https://www.dinydon.com/17205076-large_default/tapple.jpg'),
(36,26,'https://encrypted-tbn0.gstatic.com/images?q=tbn:ANd9GcQULMIzBuzK7zy9yT0dmaq0CWL7Np0RYfK-fg&s'),
(37,26,'https://laescotillajuegos.com/cdn/shop/products/tiny_epic_mechs_detalle_combate_2.jpg?v=1595437006&width=1445'),
(38,26,'https://devirinvestments.s3.eu-west-1.amazonaws.com/img/catalog/product/8436017228687-1200-components2.jpg'),
(39,27,'https://acdn-us.mitiendanube.com/stores/102/709/products/tgcqp_mu-iz_800x800px1-7590b0a643950719b116899730770574-640-0.webp'),
(40,27,'https://www.megatone.net/images/Articulos/zoom2x/389/MKT0013FTN-2.jpg'),
(41,28,'https://i.ytimg.com/vi/ywO9FOBXagk/maxresdefault.jpg'),
(42,28,'https://b1803394.smushcdn.com/1803394/wp-content/uploads/2020/01/WM-InvestClosingIn.jpg?lossy=1&strip=1&webp=1'),
(43,28,'https://store.asmodee.com/cdn/shop/products/GU452-image2_2000_535x.jpg?v=1691513554'),
(44,29,'https://upload.wikimedia.org/wikipedia/commons/e/e5/Dice_%28typical_role_playing_game_dice%29.jpg'),
(45,29,'https://www.dicegeeks.com/wp-content/uploads/2022/11/DnD-Symbol.png'),
(46,30,'https://acdn-us.mitiendanube.com/stores/907/020/products/cadacosaen-e07d410f0e622dea3d17634042062497-1024-1024.webp'),
(47,30,'https://acdn-us.mitiendanube.com/stores/001/750/716/products/tn4-cada-cosa-4ea2f03f0d54cb7e6717625266124876-240-0.webp'),
(48,30,'https://mundojuguete.vtexassets.com/arquivos/ids/244615-800-800?v=638998562829170000&width=800&height=800&aspect=true'),
(49,31,'https://images-eu.ssl-images-amazon.com/images/I/61r0LseH5qL._AC_UL495_SR435,495_.jpg'),
(50,31,'https://imagenes.elpais.com/resizer/v2/AVH72VDE2FBCNKKNORFDMRRCYM.jpg?auth=30b02db2d95a9c62e42482a59025a8ef7e4d7720f150ef3e3a3f30fbbd8b5850&width=1960&height=1103&focal=4181%2C2411'),
(51,32,'https://acdn-us.mitiendanube.com/stores/102/709/products/sopin_mu-iz_800x800px-1-07ee3f82d4dcb66ab617623510581729-640-0.webp'),
(52,32,'https://acdn-us.mitiendanube.com/stores/907/020/products/sospechosos1-5afea2ccda8e1e1aa117579619092650-1024-1024.webp'),
(53,32,'https://cachavachaar.vtexassets.com/arquivos/ids/284657-800-800?v=639031442936100000&width=800&height=800&aspect=true'),
(54,33,'https://consolaytablero.com/wp-content/uploads/2017/02/Codigo-Secreto-Imagenes-Devir-752x440.jpg'),
(55,33,'https://acdn-us.mitiendanube.com/stores/907/020/products/ok_1024_codigo-secreto-imagenes-abierto-devir-juegos-de-mesa-abracadabra1-76fb090ba22f86fe7815853376181978-1024-1024.webp'),
(56,33,'https://http2.mlstatic.com/D_NQ_NP_983617-MLA95501806354_102025-O.webp'),
(57,34,'https://acdn-us.mitiendanube.com/stores/907/020/products/1024_bang-top-toys-juegos-de-mesa-abracadabra-ad1a0e3669bb75165117051591623006-1024-1024.webp'),
(58,34,'https://torigames.com.ar/wp-content/uploads/2023/05/bang-2.jpg'),
(59,34,'https://www.leprechaun.es/7546-medium_default/bang-el-juego-del-salvaje-oeste.jpg'),
(60,35,'https://payanajuegos.com.ar/wp-content/uploads/2021/04/caja-2.jpg'),
(61,35,'https://acdn-us.mitiendanube.com/stores/907/020/products/1024_sandwich-war-run-dos-juegos-de-mesa-abracadabra1-64162b7e27353268d816184989504316-1024-1024.webp'),
(62,35,'https://i0.wp.com/payanajuegos.com.ar/wp-content/uploads/2021/04/cartas-2.jpg?fit=800%2C800&ssl=1'),
(63,36,'https://acdn-us.mitiendanube.com/stores/102/709/products/arap_mu-iz_800x800px-1-208413484d95444b3617418918547212-640-0.webp'),
(64,36,'https://acdn-us.mitiendanube.com/stores/102/709/products/arap_fotodetalle-01_1280x1280px-4d18f030f94ab85ab917387689442207-240-0.webp'),
(65,37,'https://http2.mlstatic.com/D_NQ_NP_788916-MLU72565709808_112023-O.webp'),
(66,37,'https://torigames.com.ar/wp-content/uploads/2021/10/descifra-el-codigo-3.jpg'),
(67,37,'https://torigames.com.ar/wp-content/uploads/2021/10/descifra-el-codigo-2.jpg'),
(68,38,'https://acdn-us.mitiendanube.com/stores/001/320/809/products/extincion_pon_a_salvo_a_los_dinosaurios_juego_de_cartas_toptoys_featured1-d031e8a5393558231416271766001075-1024-1024.webp'),
(69,38,'https://gnomosaurus.com/wp-content/uploads/2021/04/pasos-extincion-1-reunelos.png'),
(70,38,'https://bebeamordor.com/wp-content/uploads/2020/11/extincion-juego-de-mesa.jpg'),
(71,39,'https://http2.mlstatic.com/D_NQ_NP_674699-MLA83235965158_042025-O.webp'),
(72,39,'https://http2.mlstatic.com/D_NQ_NP_731869-MLA81545157797_122024-O.webp'),
(73,40,'https://maldon.com.ar/wp-content/uploads/2025/10/Unanimo-party-web1.jpeg'),
(74,40,'https://maldon.com.ar/wp-content/uploads/2025/10/Unanimo-party-web2.jpeg'),
(75,41,'https://http2.mlstatic.com/D_NQ_NP_789401-MLA99939872223_112025-O.webp'),
(76,41,'https://acdn-us.mitiendanube.com/stores/117/811/products/munchkin5-14cd4c51ce7796929e16987887026522-1024-1024.webp'),
(77,41,'https://m.media-amazon.com/images/I/81kd4nstzlL._AC_SL1500_.jpg'),
(78,42,'https://acdn-us.mitiendanube.com/stores/907/020/products/1024_pistas_cruzadas-bureau-abracadabra1-b94a6a4718ae96aef616517779400196-1024-1024.webp'),
(79,42,'https://acdn-us.mitiendanube.com/stores/003/673/840/products/d_q_np_686625-mla69205075169_052023-o-096ec58a96a4f8c2f616962851344891-1024-1024.webp'),
(80,43,'https://http2.mlstatic.com/D_NQ_NP_850326-MLA71543506089_092023-O.webp'),
(81,43,'https://maldon.com.ar/wp-content/uploads/2015/05/Contenido-Erudito3-1300x731.jpg'),
(82,43,'https://juegosmaldon.mx/wp-content/uploads/2022/04/ERUDITO-Tablero-dados-peon-juego-de-cultura-general-preguntas-maldon.jpg'),
(83,44,'https://maldon.com.ar/wp-content/uploads/2019/06/ilustrado1-1300x731.jpg'),
(84,44,'https://maldon.com.ar/wp-content/uploads/2019/06/ilustrado5-1300x731.jpg'),
(85,44,'https://acdn-us.mitiendanube.com/stores/117/811/products/el-ilustrado-juego-de-mesa1-4c4deb6fb92ce6314d15586201427911-1024-1024.webp'),
(86,44,'https://juegosmaldon.mx/wp-content/uploads/2022/04/ILUSTRADO-tarjetas5-juego-de-preguntas-de-cultura-general-maldon.jpg'),
(87,45,'https://www.leonardohobbies.com.ar/wp-content/uploads/2021/06/BUR800417-scaled.jpg'),
(88,45,'https://www.jugueteriascaty.com.ar/wp-content/uploads/2024/07/609051D.jpg'),
(89,46,'https://maldon.com.ar/wp-content/uploads/2015/08/memorioso-sin-reloj-1300x731.jpg'),
(90,46,'https://http2.mlstatic.com/D_Q_NP_630564-MLA91873509075_092025-O.webp'),
(91,46,'https://http2.mlstatic.com/D_NQ_NP_916650-MLA70963781719_082023-O.webp'),
(92,47,'https://acdn-us.mitiendanube.com/stores/001/320/809/products/exploiding-ba864f99b258d75ed617162383208397-1024-1024.webp'),
(93,47,'https://acdn-us.mitiendanube.com/stores/001/320/809/products/exploding-kittens-3-3e3f6b15066f27001017296185840713-1024-1024.webp'),
(94,48,'https://acdn-us.mitiendanube.com/stores/102/709/products/hdp_mu_iz_1280x1280px-52e646f911b8ac15b717337683399457-480-0.webp'),
(95,48,'https://acdn-us.mitiendanube.com/stores/001/100/722/products/hdp-04-43ed464c955b4e97ce17214118901669-1024-1024.webp'),
(96,49,'https://http2.mlstatic.com/D_NQ_NP_645808-MLA44888320909_022021-O.webp'),
(97,49,'https://m.media-amazon.com/images/I/71pmF0QhcBL._AC_UF894,1000_QL80_.jpg'),
(98,50,'https://acdn-us.mitiendanube.com/stores/001/320/809/products/estuche-pica-pica-png1-d26fc42fece89ccdf116910984237890-1024-1024.webp'),
(99,50,'https://torigames.com.ar/wp-content/uploads/2023/12/pica-pica-2.jpg'),
(100,51,'https://i0.wp.com/payanajuegos.com.ar/wp-content/uploads/2020/09/Red-7-Caja.jpg?fit=800%2C800&ssl=1'),
(101,51,'https://acdn-us.mitiendanube.com/stores/907/020/products/1024x1024_red-7-3-bureau-de-juegos-abracadabra1-f3dc5a4670174ba2df16201544243634-1024-1024.webp'),
(102,51,'https://tranjisgames.com/web/image/product.image/602/image_1024/Red%207?unique=38870b1'),
(103,52,'https://acdn-us.mitiendanube.com/stores/002/996/544/products/d_746977-mla44678817156_012021-o-21a887db33fee8b0e916904002695417-1024-1024.webp'),
(104,52,'https://acdn-us.mitiendanube.com/stores/117/811/products/the-mind-212-51a23dbd7ff07a35dc15628787704509-1024-1024.webp'),
(105,53,'https://acdn-us.mitiendanube.com/stores/003/409/431/products/aventureros1-2b4fa0ffae4cf87b3116927238232975-1024-1024.webp'),
(106,53,'https://encrypted-tbn0.gstatic.com/images?q=tbn:ANd9GcSR6UTzP-WeqE1JEHJ2sNRQhkl-x4IibOTzVw&s'),
(107,53,'https://http2.mlstatic.com/D_NQ_NP_719818-MLA54488472871_032023-O.webp'),
(108,54,'https://acdn-us.mitiendanube.com/stores/002/996/544/products/holi-5cb8980dc3efba1e3817261880345073-1024-1024.webp'),
(109,54,'https://http2.mlstatic.com/D_NQ_NP_691979-MLA79406599204_092024-O.webp'),
(110,54,'https://acdn-us.mitiendanube.com/stores/907/020/products/1014-uga_buga-2-bureau-de-juegos-a95283f12680975ee917263377443136-1024-1024.webp'),
(111,55,'https://mundojuguete.vtexassets.com/arquivos/ids/255434-800-800?v=639047979745930000&width=800&height=800&aspect=true'),
(112,55,'https://acdn-us.mitiendanube.com/stores/117/811/products/caca3-e515373faa4bbf8e0517582086896413-1024-1024.webp'),
(113,56,'https://http2.mlstatic.com/D_NQ_NP_794748-MLU72637280487_112023-O.webp'),
(114,56,'https://torigames.com.ar/wp-content/uploads/2022/05/lideres-de-euphoria-2.jpg'),
(115,57,'https://kinderlandar.vtexassets.com/arquivos/ids/182066-800-450?v=638205823833730000&width=800&height=450&aspect=true'),
(116,57,'https://hadouken.com.ar/122875-superlarge_default/mal-trago.jpg'),
(117,57,'https://images.fravega.com/f300/0cd1e2a1ae66ba3f1e424568905d755f.jpg.webp'),
(118,58,'https://acdn-us.mitiendanube.com/stores/001/320/809/products/6fd33b64-4cc4-47d2-b685-d5fb93ec088b1-b7c112e14920fc847016805735041940-640-01-4f6b68deaecff2cc8816872916059283-1024-1024.webp'),
(119,58,'https://lh4.googleusercontent.com/proxy/KOTKo0o9U_6GCL03Nce8S8WlMz8Ohq5MtUmytdfGZoGhwCnfY_3w5icjtrzJgIUveSwvQfWgBp6ORdpsva8CO2eJnZNGM-gwLyxAA9wQrJleBuGNKFbm6x4Rb77hOEjvrgw6CJD45DL8ivsG'),
(120,58,'https://encrypted-tbn0.gstatic.com/images?q=tbn:ANd9GcQhaZcwAIkHPD1kRrsVdVcpcQBOFGMajxa-RQ&s'),
(121,58,'https://tamanduajuegos.com/wp-content/uploads/2023/10/dungeon-lite-orcs-and-knights-espanol-tamandua-juegos.jpg'),
(122,59,'https://devirinvestments.s3.eu-west-1.amazonaws.com/img/catalog/product/8436589620605-1200-face3d-copy.jpg'),
(123,59,'https://devirinvestments.s3.eu-west-1.amazonaws.com/img/catalog/product/8436589620605-1200-components1.jpg'),
(124,60,'https://www.casazanzi.com/content/images/thumbs/0003703_adigma-expres_580.jpeg'),
(125,60,'https://adigma.com.mx/imag/contenido_adigma_max.jpg'),
(126,60,'https://m.media-amazon.com/images/I/810ear0sRSL._AC_UF894,1000_QL80_.jpg'),
(127,61,'https://http2.mlstatic.com/D_NQ_NP_966934-MLA95550111170_102025-O.webp'),
(128,61,'https://m.media-amazon.com/images/I/81hh8QNUawL._AC_UF350,350_QL80_.jpg'),
(129,62,'https://http2.mlstatic.com/D_NQ_NP_856625-MLA85584469334_062025-O.webp'),
(130,62,'https://acdn-us.mitiendanube.com/stores/907/020/products/1024-fm-dungeon-mayhem-2-3709ae91c037540ed717576046154731-1024-1024.webp');

-- 4. Insertar Puntuaciones
INSERT INTO puntuaciones (id_juego, id_usuario, puntuacion, estado) VALUES 
(12,2,9.00,'jugado'),(12,3,9.00,'jugado'),(12,4,8.73,'jugado'),(12,5,9.00,'jugado'),(12,6,10.00,'jugado'),(12,7,9.00,'jugado'),(12,9,9.00,'jugado'),(12,10,10.00,'jugado'),(12,14,9.00,'jugado'),(12,15,8.50,'jugado'),(12,16,9.00,'jugado'),(12,18,9.00,'jugado'),
(13,4,6.33,'jugado'),(13,5,10.00,'jugado'),(13,10,6.00,'jugado'),(13,11,7.00,'jugado'),(13,12,8.00,'jugado'),(13,13,8.00,'jugado'),(13,15,9.00,'jugado'),
(14,2,7.00,'jugado'),(14,3,8.00,'jugado'),(14,4,8.00,'jugado'),(14,5,8.00,'jugado'),(14,6,8.50,'jugado'),(14,7,10.00,'jugado'),(14,9,9.00,'jugado'),(14,10,9.00,'jugado'),(14,11,6.00,'jugado'),(14,12,10.00,'jugado'),(14,13,8.00,'jugado'),(14,14,7.00,'jugado'),(14,15,7.00,'jugado'),(14,16,7.00,'jugado'),(14,18,7.00,'jugado'),(14,20,8.00,'jugado'),
(15,6,10.00,'jugado'),(15,9,10.00,'jugado'),(15,10,9.00,'jugado'),(15,16,10.00,'jugado'),
(16,2,8.00,'jugado'),(16,3,8.50,'jugado'),(16,4,5.00,'jugado'),(16,5,10.00,'jugado'),(16,6,7.00,'jugado'),(16,7,8.00,'jugado'),(16,9,9.50,'jugado'),(16,10,8.00,'jugado'),(16,11,8.00,'jugado'),(16,12,8.00,'jugado'),(16,13,6.00,'jugado'),(16,15,8.00,'jugado'),(16,16,8.00,'jugado'),(16,18,8.00,'jugado'),
(17,2,8.00,'jugado'),(17,3,8.00,'jugado'),(17,4,10.00,'jugado'),(17,5,10.00,'jugado'),(17,6,6.00,'jugado'),(17,9,6.00,'jugado'),(17,10,5.00,'jugado'),(17,11,10.00,'jugado'),(17,12,10.00,'jugado'),(17,13,10.00,'jugado'),(17,14,9.00,'jugado'),(17,15,9.00,'jugado'),
(18,4,4.00,'jugado'),(18,6,10.00,'jugado'),(18,7,9.00,'jugado'),(18,9,8.50,'jugado'),(18,10,10.00,'jugado'),(18,11,4.00,'jugado'),(18,12,1.00,'jugado'),(18,15,7.48,'jugado'),(18,16,7.00,'jugado'),(18,18,7.00,'jugado'),(18,20,8.00,'jugado'),
(19,3,9.00,'jugado'),(19,6,9.50,'jugado'),(19,9,7.00,'jugado'),(19,10,8.00,'jugado'),(19,11,9.00,'jugado'),(19,12,9.00,'jugado'),(19,13,9.00,'jugado'),(19,14,10.00,'jugado'),(19,15,8.50,'jugado'),(19,16,10.00,'jugado'),
(20,9,9.00,'jugado'),(20,10,9.00,'jugado'),(20,11,6.00,'jugado'),(20,13,10.00,'jugado'),(20,14,7.00,'jugado'),(20,15,8.00,'jugado'),(20,18,9.00,'jugado'),
(21,2,8.50,'jugado'),(21,3,9.00,'jugado'),(21,4,6.00,'jugado'),(21,5,9.00,'jugado'),(21,9,5.00,'jugado'),(21,10,7.50,'jugado'),(21,11,6.00,'jugado'),(21,12,8.00,'jugado'),(21,13,8.00,'jugado'),(21,14,10.00,'jugado'),(21,15,8.00,'jugado'),(21,16,8.00,'jugado'),
(22,6,8.00,'jugado'),(22,9,8.00,'jugado'),(22,10,7.00,'jugado'),(22,11,6.00,'jugado'),(22,12,1.00,'jugado'),(22,15,8.00,'jugado'),(22,16,9.00,'jugado'),(22,18,7.00,'jugado'),
(23,2,9.00,'jugado'),(23,3,9.50,'jugado'),(23,4,9.00,'jugado'),(23,5,7.00,'jugado'),(23,10,6.00,'jugado'),(23,11,10.00,'jugado'),(23,12,7.00,'jugado'),
(24,2,9.50,'jugado'),(24,3,9.00,'jugado'),(24,4,8.99,'jugado'),(24,5,8.50,'jugado'),(24,6,8.00,'jugado'),(24,9,6.00,'jugado'),(24,10,7.00,'jugado'),(24,11,8.00,'jugado'),(24,12,7.00,'jugado'),(24,15,8.00,'jugado'),(24,16,8.00,'jugado'),(24,18,9.00,'jugado'),(24,20,8.00,'jugado'),
(25,4,6.00,'jugado'),(25,5,9.00,'jugado'),(25,6,10.00,'jugado'),(25,7,10.00,'jugado'),(25,9,10.00,'jugado'),(25,10,8.00,'jugado'),(25,11,5.00,'jugado'),(25,12,7.00,'jugado'),(25,13,7.00,'jugado'),(25,14,7.00,'jugado'),(25,15,5.00,'jugado'),(25,16,6.00,'jugado'),(25,18,9.00,'jugado'),(25,20,8.00,'jugado'),
(26,2,8.00,'jugado'),(26,4,8.00,'jugado'),(26,5,10.00,'jugado'),(26,10,8.00,'jugado'),(26,11,4.00,'jugado'),(26,12,8.00,'jugado'),
(27,2,6.00,'jugado'),(27,4,3.00,'jugado'),(27,5,8.00,'jugado'),(27,6,9.00,'jugado'),(27,7,10.00,'jugado'),(27,9,10.00,'jugado'),(27,10,7.00,'jugado'),(27,11,3.00,'jugado'),(27,12,7.00,'jugado'),(27,13,8.00,'jugado'),(27,14,10.00,'jugado'),(27,15,6.00,'jugado'),(27,16,6.50,'jugado'),(27,18,6.00,'jugado'),(27,20,7.00,'jugado'),
(28,2,8.00,'jugado'),(28,3,6.00,'jugado'),(28,4,9.00,'jugado'),(28,5,9.00,'jugado'),(28,9,7.50,'jugado'),(28,10,6.00,'jugado'),(28,12,5.00,'jugado'),(28,13,5.00,'jugado'),(28,15,9.00,'jugado'),
(29,2,9.00,'jugado'),(29,3,5.00,'jugado'),(29,4,9.00,'jugado'),(29,5,10.00,'jugado'),(29,10,7.50,'jugado'),(29,12,10.00,'jugado'),(29,13,7.00,'jugado'),(29,14,9.00,'jugado'),(29,15,8.00,'jugado'),
(30,6,5.00,'jugado'),(30,9,5.00,'jugado'),(30,10,8.00,'jugado'),(30,12,3.00,'jugado'),(30,15,8.00,'jugado'),(30,16,5.00,'jugado'),
(31,7,8.00,'jugado'),(31,9,5.00,'jugado'),(31,10,6.00,'jugado'),(31,11,8.00,'jugado'),(31,12,5.00,'jugado'),(31,13,7.00,'jugado'),(31,14,1.00,'jugado'),(31,15,6.00,'jugado'),(31,16,7.50,'jugado'),(31,18,8.00,'jugado'),(31,20,9.00,'jugado'),
(32,3,8.00,'jugado'),(32,6,9.00,'jugado'),(32,7,8.00,'jugado'),(32,9,9.00,'jugado'),(32,10,9.00,'jugado'),(32,11,6.00,'jugado'),(32,12,8.00,'jugado'),(32,15,8.00,'jugado'),(32,16,7.00,'jugado'),(32,18,8.00,'jugado'),(32,20,10.00,'jugado'),
(33,3,10.00,'jugado'),(33,5,8.50,'jugado'),(33,6,6.00,'jugado'),(33,7,8.00,'jugado'),(33,9,6.50,'jugado'),(33,10,8.00,'jugado'),(33,11,5.00,'jugado'),(33,12,5.00,'jugado'),(33,16,7.00,'jugado'),
(34,3,8.50,'jugado'),(34,4,7.00,'jugado'),(34,5,8.50,'jugado'),(34,15,8.50,'jugado'),
(35,6,8.00,'jugado'),(35,7,8.00,'jugado'),(35,10,8.00,'jugado'),
(36,9,7.50,'jugado'),(36,10,2.00,'jugado'),(36,11,5.00,'jugado'),(36,12,9.00,'jugado'),(36,16,7.00,'jugado'),(36,18,9.00,'jugado'),(36,20,9.00,'jugado'),
(37,3,1.00,'jugado'),(37,4,6.00,'jugado'),(37,15,7.90,'jugado'),(37,16,8.00,'jugado'),
(38,6,7.00,'jugado'),(38,7,8.00,'jugado'),(38,9,7.50,'jugado'),(38,10,9.00,'jugado'),(38,12,10.00,'jugado'),(38,15,8.00,'jugado'),(38,16,8.50,'jugado'),
(39,6,4.00,'jugado'),(39,9,5.50,'jugado'),(39,11,6.00,'jugado'),
(40,6,8.50,'jugado'),(40,9,7.00,'jugado'),(40,10,7.00,'jugado'),(40,12,9.00,'jugado'),(40,16,7.00,'jugado'),(40,18,9.00,'jugado'),
(41,4,8.00,'jugado'),(41,9,6.00,'jugado'),(41,10,7.00,'jugado'),(41,11,9.00,'jugado'),(41,12,10.00,'jugado'),(41,15,9.00,'jugado'),(41,16,8.00,'jugado'),
(42,6,9.00,'jugado'),(42,7,8.00,'jugado'),(42,9,6.00,'jugado'),(42,10,7.00,'jugado'),(42,11,7.00,'jugado'),(42,12,9.00,'jugado'),(42,14,10.00,'jugado'),(42,15,7.50,'jugado'),(42,16,7.25,'jugado'),(42,18,9.00,'jugado'),
(43,6,9.00,'jugado'),(43,7,8.00,'jugado'),(43,9,7.00,'jugado'),(43,10,7.00,'jugado'),(43,12,8.00,'jugado'),(43,15,8.00,'jugado'),(43,16,7.00,'jugado'),(43,18,9.00,'jugado'),
(44,6,8.00,'jugado'),(44,7,9.00,'jugado'),(44,10,8.00,'jugado'),(44,15,7.00,'jugado'),(44,16,7.00,'jugado'),(44,18,9.00,'jugado'),
(45,9,8.00,'jugado'),(45,10,5.00,'jugado'),(45,12,8.00,'jugado'),(45,15,8.00,'jugado'),
(46,7,9.00,'jugado'),(46,10,7.00,'jugado'),(46,15,7.00,'jugado'),(46,18,9.00,'jugado'),
(47,10,6.00,'jugado'),(47,15,7.00,'jugado'),(47,16,8.00,'jugado'),
(48,3,8.00,'jugado'),(48,4,7.00,'jugado'),(48,5,8.50,'jugado'),(48,6,8.50,'jugado'),(48,7,10.00,'jugado'),(48,9,9.00,'jugado'),(48,10,7.00,'jugado'),(48,11,7.00,'jugado'),(48,12,10.00,'jugado'),(48,14,9.00,'jugado'),(48,15,7.00,'jugado'),
(49,3,8.00,'jugado'),(49,5,7.50,'jugado'),(49,12,7.00,'jugado'),(49,15,8.00,'jugado'),(49,16,8.00,'jugado'),
(50,10,6.00,'jugado'),(50,15,7.00,'jugado'),(50,16,7.00,'jugado'),(50,18,5.00,'jugado'),(50,20,9.00,'jugado'),
(53,15,9.00,'jugado'),
(54,7,10.00,'jugado'),(54,9,6.00,'jugado'),(54,10,2.00,'jugado'),(54,16,7.75,'jugado'),
(55,18,5.00,'jugado'),(55,20,7.00,'jugado'),
(57,5,8.00,'jugado'),(57,6,6.00,'jugado'),(57,10,5.00,'jugado'),(57,12,10.00,'jugado'),(57,15,8.50,'jugado'),(57,18,5.00,'jugado'),
(59,10,7.50,'jugado'),
(62,10,9.20,'jugado');

-- 5. Sincronizar secuencias (para que los próximos inserts automáticos no fallen)
SELECT setval('usuarios_id_usuario_seq', (SELECT MAX(id_usuario) FROM usuarios));
SELECT setval('juegos_id_juego_seq', (SELECT MAX(id_juego) FROM juegos));
SELECT setval('imagenes_juegos_id_imagen_seq', (SELECT MAX(id_imagen) FROM imagenes_juegos));
SELECT setval('puntuaciones_id_puntuacion_seq', (SELECT MAX(id_puntuacion) FROM puntuaciones));
